{"solving": [1.775, 1], "algorithmic": [1.775, 1], "one": [-0.3719166666666667, 4], "two": [1.775, 1], "or": [0.5069523809523808, 14], "programming": [0.37749999999999995, 10], "may": [0.004833333333333245, 6], "students": [0.42411111111111105, 3], "interested": [1.775, 1], "problem": [0.4891666666666666, 2], "following": [0.42411111111111105, 3], "science": [2.0441666666666665, 2], "columbia": [1.775, 1], "of": [0.41033333333333327, 15], "1005": [1.775, 1], "credit": [0.16513333333333327, 5], "assumes": [1.775, 1], "covers": [0.7124999999999999, 2], "skills": [1.775, 1], "to": [1.1949090909090907, 11], "receive": [0.42411111111111105, 3], "majoring": [1.775, 1], "introductory": [0.7492222222222221, 3], "prior": [1.775, 1], "capabilities": [1.775, 1], "a": [0.08071428571428564, 7], "courses": [0.42411111111111105, 3], "1004": [1.775, 1], "no": [1.775, 1], "general": [0.6124999999999999, 2], "computer": [0.7055333333333332, 5], "engineering": [1.775, 1], "the": [0.16730952380952369, 14], "in": [0.9909090909090907, 11], "fundamental": [1.775, 1], "concepts": [3.0925000000000002, 2], "background": [1.775, 1], "university": [1.775, 1], "only": [0.42411111111111105, 3], "and": [0.37637254901960787, 17], "introduction": [1.163190476190476, 7], "for": [-0.09825000000000006, 8], "java": [0.42308333333333326, 4], "three": [-0.2513333333333333, 2], "techniques": [0.6501111111111112, 6], "types": [0.5824444444444444, 3], "knowledge": [-0.21250000000000002, 4], "garbage": [-0.2513333333333333, 2], "w3134": [0.6814, 10], "analysis": [0.5824444444444444, 3], "lists": [-0.2513333333333333, 2], "management": [-0.36866666666666664, 3], "storage": [-0.2513333333333333, 2], "coms": [0.4558222222222222, 15], "rudiments": [0.07333333333333332, 1], "collection": [-0.2513333333333333, 2], "singly": [-0.2513333333333333, 2], "note": [-0.2513333333333333, 2], "searching": [-0.2513333333333333, 2], "hashing": [-0.2513333333333333, 2], "data": [0.5418333333333334, 4], "taught": [-0.2513333333333333, 2], "such": [-0.11986666666666668, 5], "structures": [0.5824444444444444, 3], "doubly": [-0.2513333333333333, 2], "overlap": [-0.2513333333333333, 2], "linked": [-0.2513333333333333, 2], "graphs": [-0.4623333333333334, 4], "sorting": [-0.2513333333333333, 2], "trees": [-0.35088888888888886, 3], "processing": [-0.21983333333333335, 4], "algorithms": [-0.008666666666666656, 3], "w3137": [0.7959999999999999, 9], "arrays": [-0.2513333333333333, 2], "stacks": [-0.2513333333333333, 2], "due": [-0.2513333333333333, 2], "sets": [-0.2513333333333333, 2], "w1004": [-0.2513333333333333, 2], "queues": [-0.2513333333333333, 2], "w3136": [0.6560666666666666, 10], "significant": [-0.2513333333333333, 2], "prerequisites": [0.3548148148148148, 18], "design": [0.3461333333333333, 5], "w3203": [-0.17755555555555555, 3], "an": [0.8230000000000001, 3], "w1007": [-0.576, 1], "corequisites": [0.008666666666666711, 2], "honors": [-0.576, 1], "systems": [-0.3, 4], "tcp": [-0.35, 1], "c": [-0.4766666666666667, 2], "language": [0.4133333333333333, 4], "unix": [-0.4766666666666667, 2], "fundamentals": [0.034999999999999976, 2], "git": [-0.35, 1], "equivalent": [0.27125, 4], "also": [-0.35, 1], "make": [-0.35, 1], "networking": [-0.35, 1], "basics": [-0.35, 1], "ip": [-0.35, 1], "mathematical": [-0.003999999999999992, 1], "relations": [-0.003999999999999992, 1], "course": [-0.7624444444444444, 3], "formal": [-0.003999999999999992, 1], "logic": [-0.003999999999999992, 1], "sequences": [-0.003999999999999992, 1], "partial": [-0.003999999999999992, 1], "elements": [-0.003999999999999992, 1], "traversability": [-0.277, 2], "induction": [-0.003999999999999992, 1], "isomorphism": [-0.277, 2], "topics": [-0.07300000000000001, 8], "equivalence": [-0.003999999999999992, 1], "planarity": [-0.277, 2], "coefficients": [-0.003999999999999992, 1], "including": [0.9075555555555556, 3], "any": [0.2363333333333333, 2], "recurrence": [-0.003999999999999992, 1], "theory": [0.46886666666666665, 5], "orderings": [-0.003999999999999992, 1], "graph": [-0.277, 2], "colorings": [-0.277, 2], "binomial": [-0.003999999999999992, 1], "probability": [-0.003999999999999992, 1], "summation": [-0.003999999999999992, 1], "proofs": [-0.003999999999999992, 1], "finite": [0.2946666666666667, 2], "completeness": [1.3291666666666666, 2], "non": [0.5933333333333334, 1], "automata": [0.5933333333333334, 1], "regular": [0.5933333333333334, 1], "chomsky": [0.5933333333333334, 1], "expressions": [0.5933333333333334, 1], "np": [0.5933333333333334, 1], "languages": [0.6166666666666666, 4], "context": [0.5933333333333334, 1], "machines": [0.535, 2], "deterministic": [0.5933333333333334, 1], "church": [0.5933333333333334, 1], "hierarchy": [0.5933333333333334, 1], "push": [0.5933333333333334, 1], "complexity": [1.3291666666666666, 2], "down": [0.5933333333333334, 1], "turing": [0.5933333333333334, 1], "grammars": [0.5933333333333334, 1], "free": [0.5933333333333334, 1], "thesis": [0.5933333333333334, 1], "transaction": [0.41999999999999993, 1], "s": [0.9400000000000001, 7], "required": [0.1333333333333333, 4], "query": [0.41999999999999993, 1], "application": [-0.47250000000000003, 2], "projects": [0.32999999999999996, 2], "relational": [0.41999999999999993, 1], "plus": [0.41999999999999993, 1], "logical": [0.41999999999999993, 1], "you": [0.41999999999999993, 1], "modeling": [0.41999999999999993, 1], "development": [0.41999999999999993, 1], "using": [0.41999999999999993, 1], "instructor": [0.9400000000000001, 7], "are": [-0.4058333333333333, 4], "fluency": [0.41999999999999993, 1], "manipulation": [0.41999999999999993, 1], "database": [-0.47250000000000003, 2], "databases": [0.41999999999999993, 1], "sql": [0.41999999999999993, 1], "entity": [0.41999999999999993, 1], "permission": [0.9400000000000001, 7], "alternatively": [0.41999999999999993, 1], "relationship": [0.41999999999999993, 1], "definition": [0.41999999999999993, 1], "need": [-1.17, 2], "w3261": [2.1574999999999998, 2], "imperative": [2.25, 1], "object": [2.25, 1], "scripting": [2.25, 1], "compilers": [2.25, 1], "handling": [0.8233333333333333, 2], "declarative": [2.25, 1], "procedures": [2.25, 1], "generation": [1.4, 2], "interpreters": [2.25, 1], "its": [2.25, 1], "organization": [2.25, 1], "run": [2.25, 1], "compiler": [2.25, 1], "tools": [0.8233333333333333, 2], "code": [0.4425, 2], "teams": [2.25, 1], "scope": [2.25, 1], "semantic": [2.25, 1], "control": [3.33, 2], "modern": [2.25, 1], "binding": [2.25, 1], "exception": [2.25, 1], "functional": [2.25, 1], "syntax": [2.25, 1], "lexical": [2.25, 1], "implement": [2.25, 1], "time": [0.18958333333333321, 4], "translation": [1.4, 2], "w3827": [0.8233333333333333, 2], "syntactic": [2.25, 1], "optimization": [2.25, 1], "parameters": [2.25, 1], "implementation": [0.8233333333333333, 2], "oriented": [2.25, 1], "csee": [2.0188888888888887, 3], "is": [-0.9377777777777777, 3], "communication": [-0.6033333333333334, 1], "covered": [-0.6033333333333334, 1], "include": [-0.15250000000000002, 4], "processor": [-0.6033333333333334, 1], "w3157": [-0.9841666666666666, 2], "study": [-0.6033333333333334, 1], "scheduling": [-0.6033333333333334, 1], "process": [-0.6033333333333334, 1], "interrupt": [-0.6033333333333334, 1], "case": [-0.6033333333333334, 1], "project": [-0.9841666666666666, 2], "memory": [-0.6033333333333334, 1], "i": [-0.6033333333333334, 1], "virtual": [-0.6033333333333334, 1], "system": [-0.6033333333333334, 1], "synchronization": [-0.6033333333333334, 1], "device": [-0.6033333333333334, 1], "operating": [-0.6033333333333334, 1], "as": [-0.692, 5], "o": [-0.6033333333333334, 1], "interprocess": [-0.6033333333333334, 1], "w3101": [-0.6033333333333334, 1], "file": [-0.6033333333333334, 1], "web": [1.1983333333333333, 3], "multi": [-1.365, 1], "quality": [-1.365, 1], "utilizing": [-1.365, 1], "component": [-1.365, 1], "major": [-1.365, 1], "stress": [-1.365, 1], "viewpoint": [-1.365, 1], "game": [-1.0808333333333333, 2], "designed": [-1.365, 1],