{"greater": [-1.6800000000000002, 1], "cdf": [-1.6800000000000002, 1], "numbers": [-1.6800000000000002, 1], "serves": [-1.6800000000000002, 1], "square": [-1.6800000000000002, 1], "theorem": [-0.7966666666666667, 1], "consistency": [-1.6800000000000002, 1], "unbiasedness": [-1.6800000000000002, 1], "strong": [-1.6800000000000002, 1], "random": [-0.55, 1], "stat": [-1.6800000000000002, 1], "statistical": [-1.6800000000000002, 1], "efficiency": [-1.6800000000000002, 1], "w3412": [-1.6800000000000002, 1], "mathematical": [-0.003999999999999992, 1], "students": [0.42411111111111105, 3], "for": [-0.09825000000000006, 8], "variance": [-1.6800000000000002, 1], "requisite": [-1.6800000000000002, 1], "w1111": [-1.6800000000000002, 1], "with": [-1.6800000000000002, 1], "normal": [-1.6800000000000002, 1], "one": [-0.3719166666666667, 4], "semester": [-1.6800000000000002, 1], "likelihood": [0.4766666666666666, 1], "parameter": [-1.6800000000000002, 1], "law": [-1.6800000000000002, 1], "pre": [-1.6800000000000002, 1], "confidence": [-1.6800000000000002, 1], "variables": [-1.6800000000000002, 1], "designed": [-1.365, 1], "p": [-1.6800000000000002, 1], "expectations": [-1.6800000000000002, 1], "who": [-1.6800000000000002, 1], "testing": [-0.9575, 2], "econ": [-1.6800000000000002, 1], "a": [0.08071428571428564, 7], "correlation": [-1.6800000000000002, 1], "intervals": [-1.6800000000000002, 1], "degree": [-1.6800000000000002, 1], "t": [-1.6800000000000002, 1], "in": [0.9909090909090907, 11], "f": [-1.6800000000000002, 1], "large": [0.55, 1], "the": [0.16730952380952369, 14], "grounding": [-1.6800000000000002, 1], "chi": [-1.6800000000000002, 1], "central": [-1.6800000000000002, 1], "iterated": [-1.6800000000000002, 1], "and": [0.37637254901960787, 17], "hypothesis": [-1.6800000000000002, 1], "prerequisites": [0.3548148148148148, 18], "maximum": [0.4766666666666666, 1], "rigor": [-1.6800000000000002, 1], "calculus": [-0.7966666666666667, 1], "limit": [-1.6800000000000002, 1], "as": [-0.692, 5], "conditional": [-1.6800000000000002, 1], "estimation": [-1.6800000000000002, 1], "than": [-1.6800000000000002, 1], "distributions": [0.4766666666666666, 1], "mean": [-1.6800000000000002, 1], "pdf": [-1.6800000000000002, 1], "of": [0.41033333333333327, 15], "desire": [-1.6800000000000002, 1], "distribution": [-1.6800000000000002, 1], "concepts": [3.0925000000000002, 2], "value": [-1.6800000000000002, 1], "probability": [-0.003999999999999992, 1], "prior": [1.775, 1], "interested": [1.775, 1], "java": [0.42308333333333326, 4], "fundamental": [1.775, 1], "only": [0.42411111111111105, 3], "columbia": [1.775, 1], "general": [0.6124999999999999, 2], "to": [1.1949090909090907, 11], "two": [1.775, 1], "computer": [0.7055333333333332, 5], "or": [0.5069523809523808, 14], "may": [0.004833333333333245, 6], "programming": [0.37749999999999995, 10], "credit": [0.16513333333333327, 5], "algorithmic": [1.775, 1], "majoring": [1.775, 1], "receive": [0.42411111111111105, 3], "capabilities": [1.775, 1], "courses": [0.42411111111111105, 3], "engineering": [1.775, 1], "no": [1.775, 1], "assumes": [1.775, 1], "problem": [0.4891666666666666, 2], "1005": [1.775, 1], "introduction": [1.163190476190476, 7], "solving": [1.775, 1], "university": [1.775, 1], "background": [1.775, 1], "1004": [1.775, 1], "introductory": [0.7492222222222221, 3], "science": [2.0441666666666665, 2], "covers": [0.7124999999999999, 2], "skills": [1.775, 1], "following": [0.42411111111111105, 3], "taught": [-0.2513333333333333, 2], "stacks": [-0.2513333333333333, 2], "garbage": [-0.2513333333333333, 2], "analysis": [0.5824444444444444, 3], "coms": [0.4558222222222222, 15], "w3137": [0.7959999999999999, 9], "processing": [-0.21983333333333335, 4], "graphs": [-0.4623333333333334, 4], "techniques": [0.6501111111111112, 6], "such": [-0.11986666666666668, 5], "w1004": [-0.2513333333333333, 2], "doubly": [-0.2513333333333333, 2], "queues": [-0.2513333333333333, 2], "searching": [-0.2513333333333333, 2], "linked": [-0.2513333333333333, 2], "arrays": [-0.2513333333333333, 2], "data": [0.5418333333333334, 4], "w3136": [0.6560666666666666, 10], "knowledge": [-0.21250000000000002, 4], "trees": [-0.35088888888888886, 3], "algorithms": [-0.008666666666666656, 3], "lists": [-0.2513333333333333, 2], "due": [-0.2513333333333333, 2], "singly": [-0.2513333333333333, 2], "sorting": [-0.2513333333333333, 2], "types": [0.5824444444444444, 3], "overlap": [-0.2513333333333333, 2], "hashing": [-0.2513333333333333, 2], "storage": [-0.2513333333333333, 2], "significant": [-0.2513333333333333, 2], "sets": [-0.2513333333333333, 2], "w3134": [0.6814, 10], "three": [-0.2513333333333333, 2], "rudiments": [0.07333333333333332, 1], "collection": [-0.2513333333333333, 2], "structures": [0.5824444444444444, 3], "note": [-0.2513333333333333, 2], "management": [-0.36866666666666664, 3], "w1007": [-0.576, 1], "an": [0.8230000000000001, 3], "design": [0.3461333333333333, 5], "w3203": [-0.17755555555555555, 3], "honors": [-0.576, 1], "corequisites": [0.008666666666666711, 2], "language": [0.4133333333333333, 4], "git": [-0.35, 1], "ip": [-0.35, 1], "fundamentals": [0.034999999999999976, 2], "c": [-0.4766666666666667, 2], "equivalent": [0.27125, 4], "tcp": [-0.35, 1], "networking": [-0.35, 1], "unix": [-0.4766666666666667, 2], "make": [-0.35, 1], "basics": [-0.35, 1], "also": [-0.35, 1], "systems": [-0.3, 4], "finite": [0.2946666666666667, 2], "partial": [-0.003999999999999992, 1], "graph": [-0.277, 2], "orderings": [-0.003999999999999992, 1], "logic": [-0.003999999999999992, 1], "proofs": [-0.003999999999999992, 1], "elements": [-0.003999999999999992, 1], "formal": [-0.003999999999999992, 1], "topics": [-0.07300000000000001, 8], "colorings": [-0.277, 2], "relations": [-0.003999999999999992, 1], "course": [-0.7624444444444444, 3], "summation": [-0.003999999999999992, 1], "traversability": [-0.277, 2], "planarity": [-0.277, 2], "equivalence": [-0.003999999999999992, 1], "induction": [-0.003999999999999992, 1], "binomial": [-0.003999999999999992, 1], "recurrence": [-0.003999999999999992, 1], "coefficients": [-0.003999999999999992, 1], "any": [0.2363333333333333, 2], "including": [0.9075555555555556, 3], "isomorphism": [-0.277, 2], "sequences": [-0.003999999999999992, 1], "theory": [0.46886666666666665, 5], "expressions": [0.5933333333333334, 1], "regular": [0.5933333333333334, 1], "thesis": [0.5933333333333334, 1], "down": [0.5933333333333334, 1], "deterministic": [0.5933333333333334, 1], "complexity": [1.3291666666666666, 2], "automata": [0.5933333333333334, 1], "grammars": [0.5933333333333334, 1], "completeness": [1.3291666666666666, 2], "push": [0.5933333333333334, 1], "non": [0.5933333333333334, 1], "languages": [0.6166666666666666, 4], "context": [0.5933333333333334, 1], "machines": [0.535, 2], "hierarchy": [0.5933333333333334, 1], "free": [0.5933333333333334, 1], "np": [0.5933333333333334, 1], "chomsky": [0.5933333333333334, 1], "church": [0.5933333333333334, 1], "turing": [0.5933333333333334, 1], "fluency": [0.41999999999999993, 1], "definition": [0.41999999999999993, 1], "relational": [0.41999999999999993, 1], "database": [-0.47250000000000003, 2], "entity": [0.41999999999999993, 1], "projects": [0.32999999999999996, 2], "relationship": [0.41999999999999993, 1], "modeling": [0.41999999999999993, 1], "s": [0.9400000000000001, 7], "logical": [0.41999999999999993, 1], "sql": [0.41999999999999993, 1], "plus": [0.41999999999999993, 1], "need": [-1.17, 2], "manipulation": [0.41999999999999993, 1], "using": [0.41999999999999993, 1], "are": [-0.4058333333333333, 4], "databases": [0.41999999999999993, 1], "instructor": [0.9400000000000001, 7], "alternatively": [0.41999999999999993, 1], "development": [0.41999999999999993, 1], "required": [0.1333333333333333, 4], "permission": [0.9400000000000001, 7], "query": [0.41999999999999993, 1], "transaction": [0.41999999999999993, 1], "you": [0.41999999999999993, 1], "application": [-0.47250000000000003, 2], "lexical": [2.25, 1],