{"concept": [-0.7966666666666667, 1], "semantic": [2.25, 1], "reductions": [2.065, 1], "text": [0.55, 1], "consult": [-2.76, 1], "worms": [4.41, 1], "syntax": [2.25, 1], "code": [0.4425, 2], "publish": [-1.365, 1], "computation": [2.065, 1], "query": [0.41999999999999993, 1], "expressions": [0.5933333333333334, 1], "traversability": [-0.277, 2], "availability": [-2.76, 1], "based": [4.41, 1], "knowledge": [-0.21250000000000002, 4], "parameters": [2.25, 1], "implementation": [0.8233333333333333, 2], "graph": [-0.277, 2], "deterministic": [0.5933333333333334, 1], "languages": [0.6166666666666667, 4], "to": [1.1949090909090907, 11], "only": [0.42411111111111105, 3], "device": [-0.6033333333333334, 1], "matlab": [0.4766666666666666, 1], "include": [-0.15250000000000002, 4], "resources": [2.065, 1], "w4701": [0.4766666666666666, 1], "predicate": [-0.7966666666666667, 1], "random": [-0.55, 1], "handle": [0.55, 1], "provides": [-0.7966666666666667, 1], "viewpoint": [-1.365, 1], "permission": [0.9400000000000001, 7], "exception": [2.25, 1], "trees": [-0.35088888888888886, 3], "interprocess": [-0.6033333333333334, 1], "isomorphism": [-0.277, 2], "procedures": [2.25, 1], "compiler": [2.25, 1], "basics": [-0.35, 1], "resource": [-1.365, 1], "skills": [1.775, 1], "teams": [2.25, 1], "large": [0.55, 1], "these": [0.55, 1], "vector": [0.4766666666666666, 1], "team": [-1.365, 1], "markov": [0.4766666666666666, 1], "inspection": [-1.365, 1], "drawings": [-0.55, 1], "user": [-0.5625, 2], "kernel": [0.4766666666666666, 1], "thesis": [0.5933333333333334, 1], "w3261": [2.1574999999999998, 2], "intelligence": [0.4766666666666666, 1], "testing": [-0.9575, 2], "w1004": [-0.2513333333333333, 2], "w1007": [-0.576, 1], "detection": [4.41, 1], "computer": [0.7055333333333332, 5], "design": [0.3461333333333333, 5], "are": [-0.40583333333333327, 4], "git": [-0.35, 1], "run": [2.25, 1], "vulnerabilities": [4.41, 1], "implemented": [0.4766666666666666, 1], "honors": [-0.576, 1], "machines": [0.535, 2], "techniques": [0.6501111111111112, 6], "surfaces": [-0.55, 1], "preparation": [0.55, 1], "threats": [4.41, 1], "section": [-2.76, 1], "lexical": [2.25, 1], "artificial": [0.4766666666666666, 1], "centers": [-1.365, 1], "access": [4.41, 1], "state": [-0.7966666666666667, 1], "designing": [-1.365, 1], "relational": [0.41999999999999993, 1], "coms": [0.4558222222222223, 15], "compilers": [2.25, 1], "infrastructure": [0.24, 1], "terms": [2.065, 1], "web": [1.1983333333333335, 3], "interfaces": [0.24, 1], "attention": [0.55, 1], "component": [-1.365, 1], "understanding": [-0.12333333333333335, 2], "rudiments": [0.07333333333333332, 1], "implementing": [-1.365, 1], "operating": [-0.6033333333333334, 1], "response": [4.41, 1], "interface": [0.24, 1], "modeling": [0.41999999999999993, 1], "both": [0.4766666666666666, 1], "search": [-0.7966666666666667, 1], "ssl": [4.41, 1], "receive": [0.42411111111111105, 3], "introductory": [0.7492222222222221, 3], "commonly": [4.41, 1], "credit": [0.16513333333333327, 5], "s": [0.9400000000000001, 7], "context": [0.5933333333333334, 1], "logic": [-0.003999999999999992, 1], "usually": [-2.76, 1], "implement": [2.25, 1], "interactive": [-1.365, 1], "changes": [-2.76, 1], "equivalence": [-0.003999999999999992, 1], "inference": [0.4766666666666666, 1], "classification": [1.2708333333333333, 2], "simple": [-1.365, 1], "logical": [0.41999999999999993, 1], "highly": [0.4766666666666666, 1], "subscribe": [-1.365, 1], "unix": [-0.4766666666666667, 2], "viruses": [4.41, 1], "learning": [0.07666666666666665, 3], "church": [0.5933333333333334, 1], "summation": [-0.003999999999999992, 1], "orderings": [-0.003999999999999992, 1], "tools": [0.8233333333333333, 2], "unit": [-1.365, 1], "recurrence": [-0.003999999999999992, 1], "java": [0.42308333333333326, 4], "discriminative": [0.4766666666666666, 1], "basis": [-2.76, 1], "two": [1.775, 1], "extraction": [0.55, 1], "automata": [0.5933333333333334, 1], "basic": [-0.2783333333333334, 2], "scope": [2.25, 1], "utilizing": [-1.365, 1], "colorings": [-0.277, 2], "partial": [-0.003999999999999992, 1], "authentication": [4.41, 1], "dialogue": [0.395, 2], "arises": [-2.76, 1], "on": [-1.03125, 4], "offered": [-2.76, 1], "pooling": [-1.365, 1], "c": [-0.4766666666666667, 2], "it": [-2.76, 1], "singly": [-0.2513333333333333, 2], "particular": [0.55, 1], "bayesian": [0.4766666666666666, 1], "foundations": [4.41, 1], "burnside": [-0.55, 1], "instructor": [0.9400000000000001, 7], "protocols": [4.41, 1], "case": [-0.6033333333333334, 1], "multi": [-1.365, 1], "handling": [0.8233333333333333, 2], "language": [0.41333333333333333, 4], "exponential": [0.4766666666666666, 1], "permits": [-0.7966666666666667, 1], "this": [-2.76, 1], "science": [2.0441666666666665, 2], "corpora": [0.55, 1], "as": [-0.692, 5], "n": [-1.365, 1], "optimization": [2.25, 1], "can": [0.55, 1], "concepts": [3.0925000000000002, 2], "following": [0.42411111111111105, 3], "study": [-0.6033333333333334, 1], "scripting": [2.25, 1], "control": [3.33, 2], "file": [-0.6033333333333334, 1], "process": [-0.6033333333333334, 1], "ip": [-0.35, 1], "is": [-0.9377777777777778, 3], "binding": [2.25, 1], "non": [0.5933333333333334, 1], "randomization": [2.065, 1], "grammars": [0.5933333333333334, 1], "mixture": [0.4766666666666666, 1], "in": [0.990909090909091, 11], "scheduling": [-0.6033333333333334, 1], "spanning": [-0.55, 1], "counting": [-0.55, 1], "regression": [0.4766666666666666, 1], "1004": [1.775, 1], "csee": [2.0188888888888887, 3], "information": [0.55, 1], "different": [2.065, 1], "any": [0.2363333333333333, 2], "cryptography": [4.41, 1], "w3827": [0.8233333333333333, 2], "syntactic": [2.25, 1], "make": [-0.35, 1], "fluency": [0.41999999999999993, 1], "machine": [0.07666666666666665, 3], "varies": [2.313333333333333, 1], "speech": [0.55, 1], "finite": [0.2946666666666667, 2], "intelligent": [-0.7966666666666667, 1], "higher": [-0.55, 1], "development": [0.41999999999999993, 1], "oriented": [2.25, 1], "columbia": [1.775, 1], "algebra": [0.4766666666666666, 1], "may": [0.004833333333333319, 6], "turing": [0.5933333333333334, 1], "w3137": [0.7959999999999999, 9], "w3136": [0.6560666666666666, 10], "collection": [-0.2513333333333333, 2], "w3134": [0.6814, 10], "applications": [1.5225, 2], "declarative": [2.25, 1], "designed": [-1.365, 1], "student": [-1.365, 1], "tier": [-1.365, 1], "robust": [0.55, 1], "data": [0.5418333333333334, 4], "lifecycle": [-1.365, 1], "types": [0.5824444444444444, 3], "family": [0.4766666666666666, 1], "a": [0.08071428571428572, 7], "stress": [-1.365, 1], "transaction": [0.41999999999999993, 1], "natural": [-0.12333333333333335, 2], "modes": [2.065, 1], "intrusion": [4.41, 1], "database": [-0.47250000000000003, 2], "prerequisites": [0.35481481481481486, 18], "linear": [0.4766666666666666, 1], "analysis": [0.5824444444444444, 3], "processor": [-0.6033333333333334, 1], "extremal": [-0.55, 1], "complexity": [1.3291666666666666, 2], "synchronization": [-0.6033333333333334, 1], "algorithms": [-0.008666666666666656, 3], "fundamental": [1.775, 1], "sets": [-0.2513333333333333, 2], "organization": [2.25, 1], "the": [0.16730952380952382, 14], "playing": [-0.7966666666666667, 1], "included": [-0.7966666666666667, 1], "least": [0.4766666666666666, 1], "hierarchy": [0.5933333333333334, 1], "networks": [0.4766666666666666, 1], "denial": [4.41, 1], "tcp": [-0.35, 1], "entity": [0.41999999999999993, 1], "course": [-0.7624444444444444, 3], "including": [0.9075555555555556, 3], "voltage": [-0.55, 1], "human": [0.24, 1], "its": [2.25, 1], "previous": [0.55, 1], "heuristic": [-0.7966666666666667, 1], "probability": [-0.003999999999999992, 1], "also": [-0.35, 1], "solving": [1.775, 1], "emphasis": [-1.365, 1], "capabilities": [1.775, 1], "other": [-0.12333333333333335, 2], "systems": [-0.30000000000000004, 4], "theorem": [-0.7966666666666667, 1], "covered": [-0.6033333333333334, 1], "hidden": [0.4766666666666666, 1], "areas": [0.55, 1], "styles": [0.24, 1],