{"W1004": 1.775, "W3134": 0.07333333333333332, "W3137": -0.576, "W3157": -0.35, "W3203": -0.003999999999999992, "W3261": 0.5933333333333334, "W4111": 0.41999999999999993, "W4115": 2.25, "W4118": -0.6033333333333334, "W4156": -1.365, "W4170": 0.24, "W4180": 4.41, "W4203": -0.55, "W4236": 2.065, "W4701": -0.7966666666666667, "W4705": 0.55, "W4771": 0.4766666666666666, "W4995": -2.76, "E6998": 2.313333333333333}