{"code": [1.0449999999999999, 3], "partial": [-0.0039999999999999923, 1], "neural": [0.47666666666666663, 3], "reductions": [2.0649999999999999, 1], "text": [0.55000000000000004, 2], "random": [-0.55000000000000004, 1], "worms": [4.4100000000000001, 1], "syntax": [2.25, 2], "concept": [-0.79666666666666675, 1], "overlap": [-0.14311111111111111, 3], "computation": [2.0649999999999999, 1], "query": [0.41999999999999993, 3], "expressions": [0.59333333333333338, 2], "centers": [-1.365, 1], "instructor": [0.19888888888888903, 12], "based": [4.4100000000000001, 1], "knowledge": [0.025238095238095202, 7], "parameters": [2.25, 2], "implementation": [1.2988888888888888, 3], "graph": [-0.27700000000000002, 2], "equivalence": [-0.0039999999999999923, 1], "languages": [0.76874999999999993, 8], "to": [1.0714888888888889, 15], "only": [0.62413333333333321, 5], "matlab": [0.47666666666666663, 3], "include": [-0.012000000000000011, 5], "recommended": [0.50600000000000001, 5], "resources": [2.0649999999999999, 1], "w4701": [0.47666666666666663, 3], "predicate": [-0.79666666666666675, 1], "mixture": [0.47666666666666663, 3], "handle": [0.55000000000000004, 2], "provides": [-0.79666666666666675, 1], "viewpoint": [-1.365, 1], "permission": [0.19888888888888903, 12], "exception": [2.25, 2], "trees": [-0.24483333333333335, 4], "interprocess": [-0.60333333333333339, 1], "isomorphism": [-0.27700000000000002, 2], "procedures": [2.25, 2], "compiler": [2.25, 2], "basics": [-0.34999999999999998, 1], "resource": [-1.365, 1], "skills": [1.7749999999999999, 2], "teams": [2.25, 2], "large": [0.55000000000000004, 2], "this": [-2.7599999999999998, 3], "vector": [0.47666666666666663, 3], "exercises": [0.55000000000000004, 2], "team": [-1.365, 1], "markov": [0.47666666666666663, 3], "inspection": [-1.365, 1], "drawings": [-0.55000000000000004, 1], "kernel": [0.47666666666666663, 3], "human": [0.23999999999999999, 1], "w3261": [2.188333333333333, 3], "intelligence": [0.47666666666666663, 3], "testing": [-0.95750000000000002, 2], "w1004": [-0.14311111111111111, 3], "w1007": [-0.57599999999999996, 1], "detection": [4.4100000000000001, 1], "computer": [0.59786666666666655, 5], "design": [0.60258333333333336, 8], "are": [-0.53499999999999992, 10], "algorithmic": [1.7749999999999999, 2], "included": [-0.79666666666666675, 1], "honors": [-0.57599999999999996, 1], "machines": [0.52333333333333321, 5], "techniques": [0.56549999999999989, 8], "surfaces": [-0.55000000000000004, 1], "preparation": [0.55000000000000004, 2], "threats": [4.4100000000000001, 1], "review": [4.4100000000000001, 1], "lexical": [2.25, 2], "artificial": [0.47666666666666663, 3], "traversability": [-0.27700000000000002, 2], "access": [4.4100000000000001, 1], "state": [-0.79666666666666675, 1], "designing": [-1.365, 1], "relational": [0.41999999999999993, 3], "coms": [0.52597101449275363, 23], "compilers": [2.25, 2], "infrastructure": [0.23999999999999999, 1], "terms": [2.0649999999999999, 1], "heuristic": [-0.79666666666666675, 1], "interfaces": [0.23999999999999999, 1], "prior": [1.7749999999999999, 2], "component": [-1.365, 1], "understanding": [0.10111111111111111, 3], "rudiments": [0.07333333333333332, 2], "implementing": [-1.365, 1], "consult": [-2.7599999999999998, 3], "operating": [-0.60333333333333339, 1], "databases": [0.41999999999999993, 3], "interface": [0.23999999999999999, 1], "modeling": [0.41999999999999993, 3], "both": [0.47666666666666663, 3], "c": [-0.47666666666666668, 2], "receive": [0.62413333333333321, 5], "introductory": [0.82933333333333337, 6], "space": [0.63416666666666655, 2], "commonly": [4.4100000000000001, 1], "pooling": [-1.365, 1], "s": [0.19888888888888903, 12], "context": [0.59333333333333338, 2], "logic": [-0.0039999999999999923, 1], "section": [-2.7599999999999998, 3], "implement": [2.25, 2], "interactive": [-1.365, 1], "changes": [-2.7599999999999998, 3], "deterministic": [0.59333333333333338, 2], "inference": [0.47666666666666663, 3], "classification": [0.8737499999999998, 4], "can": [0.55000000000000004, 2], "simple": [-1.365, 1], "logical": [0.41999999999999993, 3], "highly": [0.47666666666666663, 3], "subscribe": [-1.365, 1], "unix": [-0.47666666666666668, 2], "viruses": [4.4100000000000001, 1], "learning": [0.28888888888888881, 6], "church": [0.59333333333333338, 2], "summation": [-0.0039999999999999923, 1], "orderings": [-0.0039999999999999923, 1], "tools": [1.2988888888888888, 3], "unit": [-1.365, 1], "recurrence": [-0.0039999999999999923, 1], "from": [0.016249999999999945, 4], "discriminative": [0.47666666666666663, 3], "basis": [-2.7599999999999998, 3], "due": [-0.14311111111111111, 3], "extraction": [0.55000000000000004, 2], "automata": [0.59333333333333338, 2], "availability": [-2.7599999999999998, 3], "basic": [-0.27833333333333338, 2], "scope": [2.25, 2], "utilizing": [-1.365, 1], "colorings": [-0.27700000000000002, 2], "dialogue": [0.44666666666666671, 3], "arises": [-2.7599999999999998, 3], "planarity": [-0.27700000000000002, 2], "offered": [-2.7599999999999998, 3], "kerberos": [4.4100000000000001, 1], "search": [-0.79666666666666675, 1], "it": [-2.7599999999999998, 3], "singly": [-0.14311111111111111, 3], "particular": [0.55000000000000004, 2], "bayesian": [0.47666666666666663, 3], "foundations": [4.4100000000000001, 1], "burnside": [-0.55000000000000004, 1], "general": [1.0, 3], "protocols": [4.4100000000000001, 1], "case": [-0.60333333333333339, 1], "multi": [-1.365, 1], "handling": [1.2988888888888888, 3], "g": [0.34999999999999998, 2], "exponential": [0.47666666666666663, 3], "permits": [-0.79666666666666675, 1], "these": [0.55000000000000004, 2], "science": [1.7749999999999999, 2], "corpora": [0.55000000000000004, 2], "definition": [0.41999999999999993, 3], "as": [-1.2828571428571429, 7], "n": [-1.365, 1], "optimization": [2.25, 2], "three": [-0.14311111111111111, 3], "concepts": [2.6533333333333333, 3], "following": [0.62413333333333321, 5], "study": [-0.60333333333333339, 1], "scripting": [2.25, 2], "control": [2.9700000000000002, 3], "file": [-0.60333333333333339, 1], "process": [-0.60333333333333339, 1], "ip": [-0.34999999999999998, 1], "is": [-1.2972222222222223, 6], "binding": [2.25, 2], "them": [2.0649999999999999, 1], "grammars": [0.59333333333333338, 2], "in": [0.75166666666666659, 17], "scheduling": [-0.60333333333333339, 1], "spanning": [-0.55000000000000004, 1], "counting": [-0.55000000000000004, 1], "regression": [0.47666666666666663, 3], "csee": [2.0766666666666667, 4], "information": [0.55000000000000004, 2], "different": [2.0649999999999999, 1], "denial": [4.4100000000000001, 1], "cryptography": [4.4100000000000001, 1], "w3827": [1.2988888888888888, 3], "credit": [-0.64491666666666669, 8], "make": [-0.34999999999999998, 1], "any": [0.35649999999999998, 4], "machine": [0.28888888888888881, 6], "authentication": [4.4100000000000001, 1], "speech": [0.55000000000000004, 2], "finite": [0.39422222222222225, 3], "intelligent": [-0.79666666666666675, 1], "fluency": [0.41999999999999993, 3], "higher": [-0.55000000000000004, 1], "development": [0.41999999999999993, 3], "used": [4.4100000000000001, 1], "columbia": [1.7749999999999999, 2], "algebra": [0.47666666666666663, 3], "may": [-0.6617777777777778, 9], "turing": [0.59333333333333338, 2], "w3137": [0.76471111111111123, 15], "w3136": [0.67920833333333341, 16], "collection": [-0.14311111111111111, 3], "w3134": [0.69504166666666678, 16], "applications": [1.5225, 2], "declarative": [2.25, 2], "user": [-0.5625, 2], "student": [-1.365, 1], "tier": [-1.365, 1], "such": [-0.087666666666666684, 6], "on": [-1.2992857142857142, 7], "data": [0.66633333333333333, 8], "response": [4.4100000000000001, 1], "types": [0.81413333333333338, 5], "family": [0.47666666666666663, 3], "a": [-0.084545454545454521, 11], "stress": [-1.365, 1], "transaction": [0.41999999999999993, 3], "natural": [0.10111111111111111, 3], "modes": [2.0649999999999999, 1], "intrusion": [4.4100000000000001, 1], "ssl": [4.4100000000000001, 1],