{"Lewko, Allison": 1.05, "Stolfo, Emily": 1.3300000000000001, "Yan, Xin": 0.56000000000000005, "Pasik, Alexander": -1.1366666666666665, "Stein, Clifford": 0.68000000000000005, "Madigan, David": 2.46, "Misra, Vishal": 0.46999999999999997, "Strickland, Dawn": 0.36499999999999999, "Nowick, Steven": 2.7200000000000002, "Singhal, Priyank (TA)": -1.5600000000000001, "Hogan, Michael": 0.25, "Caridi, Frank": -1.3250000000000002, "Malkin, Tal": 1.0750000000000002, "Gore, Kristen": 1.2, "Barmi, Hammou": 0.073333333333333403, "Keromytis, Angelos": 4.4100000000000001, "Szeto, Duncan": -2.1000000000000001, "Hirschberg, Julia": 0.245, "Patel, Kayur": -2.73, "Motta, Giovanni": -1.01, "Salleb-Aouissi, Ansaf": 0.45500000000000002, "Traub, Joseph": 0.95999999999999996, "Sethumadhavan, Simha": -0.12, "Grinspun, Eitan": 1.8799999999999999, "Schutt, Rachel": -2.73, "Habash, Nizar": 2.1200000000000001, "Aho, Alfred": -1.3100000000000001, "Nieh, Jason": 2.1000000000000001, "Chhabria, Ashish (TA)": -0.97999999999999998, "Allen, Peter": -0.02, "Gross, Jonathan": -0.42000000000000004, "Vawdrey, David": -0.68999999999999995, "Cannon, Adam": 0.34749999999999992, "Reed, Michael": 5.8499999999999996, "Whalen, Edward": 0.59999999999999998, "Yu, Don (TA)": 1.3, "Lo, Shaw-Hwa": -0.59499999999999997, "Nguyen, Ha": 0.049999999999999857, "Kim, Martha": -0.56499999999999995, "Ouyang, Jessica": 0.22, "Wright, Larry": -0.90000000000000002, "Kucherenko, Tamara": 0.67000000000000004, "Saldana, Diego (TA)": 2.0800000000000001, "Pe'er, Itshack": -0.91500000000000004, "Zheng, Tian": 4.7400000000000002, "Rabinowitz, Daniel": 1.01, "Zussman, Gil": 0.22499999999999998, "Chen, Xi": 2.1099999999999999, "Kaiser, Gail": -1.1000000000000001, "Sigman, Karl": -0.86999999999999988, "Voris, Jonathan": -1.8, "Jebara, Tony": 1.1200000000000001, "de la Pe&ntilde;a, Victor H.": -0.40000000000000002, "Papageorgiou, Anargyros": 1.4750000000000001, "Moody, Ryder (TA)": 0.81000000000000005, "Sobel, Michael": -0.70499999999999996, "Stolfo, Salvatore": -0.60999999999999999, "Belhumeur, Peter": 1.5600000000000001, "Creamer, German": -2.1200000000000001, "Edwards, Stephen": 1.4350000000000001, "Nicolau, Anna": 1.1399999999999999, "Servedio, Rocco": 2.2533333333333334, "Wood, Frank": 0.84999999999999998, "Blaer, Paul": 1.6299999999999999, "Kender, John": 0.46500000000000002, "Feng, Yang": 1.3250000000000002, "Bellovin, Steven": 0.93000000000000005, "Brown, Mark": 0.49999999999999994, "Kim, Young": -0.20000000000000001, "Rubenstein, Daniel": 0.47999999999999987, "Kolluri, Sheela": -2.6699999999999999, "Donoghue, Anthony": -0.35599999999999987, "Sheth, Swapneel": -0.59499999999999997, "Holliday, Robert": 0.54000000000000004, "Choi, Seung": -0.20000000000000001, "Lee, Jae": 1.1933333333333334, "Gravano, Luis": 1.7999999999999998, "Yannakakis, Mihalis": 1.2933333333333332, "Emir, Birol": -3.1124999999999998, "Volinsky, Christopher": 1.4399999999999999, "Eirich, Gregory": 1.4399999999999999, "Heuer, Larry": 0.34000000000000002, "Yang, Junfeng": -4.4100000000000001, "Ross, Ken": 0.0, "Stodden, Victoria": -1.21, "Nayar, Shree": 1.29, "Hsu, Daniel": 1.05, "Zhang, Stephanie": -1.48, "Mazumder, Rahul": 0.14000000000000001, "Davis, Richard": 0.34999999999999998, "Hershkop, Shlomo": -1.2333333333333332, "Kou, Steven": 0.25, "Devore, Jay": 3.7200000000000002, "Sidorsky, David": 0.48999999999999999, "Reinisch, William": -1.1200000000000001, "Patra, Rohit": -0.55000000000000004, "Biliris, Alexandros": -0.32000000000000001, "Collins, Michael": 0.55000000000000004, "Chaintreau, Augustin": -1.3466666666666667, "Austern, Morgane (TA)": 0.0, "Nicolaou, Anna": 0.44500000000000001, "Radev, Dragomir": 0.255, "Yang, Alan": -0.41999999999999998, "Feiner, Steven": 0.23999999999999999, "Agarwal, Apoorv": 0.19999999999999996}